# phrase	weight
# Auto-generated from sepidmnorozy/Chinese_sentiment train split (char n-gram log-odds).
鍵盤	0.9800
散熱	0.9800
性能	0.9800
內存	0.9800
驅動	0.9800
vist	0.9800
硬盤	0.9800
vista	0.9800
xp	0.9800
做工	0.9800
配置	0.9800
電池	0.9771
京東	0.9764
手感	0.9708
顯卡	0.9708
運行	0.9682
屏幕	0.9654
vis	0.9561
ist	0.9547
ista	0.9543
美屏	0.9437
完美屏	0.9410
比高	0.9293
完美	0.9256
性價比高	0.9234
價比高	0.9234
外觀	0.9201
本本	0.9158
最差	-0.9137
很差	-0.9073
這款	0.9035
也不錯	0.8997
漂亮	0.8976
也很好	0.8972
遊戲	0.8945
攝像頭	0.8829
像頭	0.8829
sta	0.8779
很漂	0.8772
很漂亮	0.8772
cp	0.8750
最差的	-0.8747
vi	0.8699
小巧	0.8696
也還	0.8683
非常好	0.8680
機器	0.8645
cpu	0.8640
很舒	0.8638
很不錯	0.8581
筆記本	0.8567
常好	0.8545
st	0.8540
差的	-0.8532
led	0.8521
攝像	0.8499
太差	-0.8456
不值	-0.8455
還是不錯	0.8342
is	0.8325
ta	0.8313
筆記	0.8304
很快	0.8302
不會再	-0.8289
不錯的	0.8278
安裝	0.8248
pu	0.8241
記本	0.8219
招待所	-0.8211
待所	-0.8087
不錯	0.8046
超值	0.8044
觀漂亮	0.8037
裝x	0.8037
裝xp	0.8037
外觀漂	0.8037
觀漂	0.8037
外觀漂亮	0.8037
很舒服	0.7993
錯的	0.7988
招待	-0.7984
是不錯的	0.7932
根本	-0.7920
功能	0.7920
感動	0.7916
成長	0.7867
發熱	0.7829
世界	0.7784
還會	0.7735
失望	-0.7720
裝系統	0.7707
pad	0.7707
裝系	0.7707
愛的	0.7690
是不錯	0.7690
系統	0.7685
還是不錯的	0.7683
觸摸	0.7618
夠用	0.7550
kp	0.7527
接口	0.7527
kpad	0.7527
kpa	0.7527
很乾	0.7526
你們	-0.7518
的愛	0.7508
投訴	-0.7456
豐富	0.7433
nkpad	0.7432
inkp	0.7432
inkpa	0.7432
inkpad	0.7432
nkpa	0.7432
nkp	0.7432
華碩	0.7432
周到	0.7395
很乾淨	0.7332
很方	0.7312
速度	0.7307
讀完	0.7302
很方便	0.7298
的生活	0.7283
很不錯的	0.7265
最好的	0.7238
比不錯	0.7236
價比不錯	0.7236
性價比不錯	0.7236
hinkp	0.7236
thinkp	0.7236
hinkpa	0.7236
齊全	0.7196
結局	0.7168
很一	-0.7137
孩子的	0.7134
很一般	-0.7133
le	0.7119
用起	0.7061
用起來	0.7061
實惠	0.7056
感覺不錯	0.7044
覺不錯	0.7044
ink	0.6982
速度很快	0.6982
外觀很	0.6921
續航	0.6921
觀很	0.6921
好書	0.6911
很好	0.6891
一股	-0.6884
性價比	0.6842
價位	0.6842
打電話	-0.6829
性價	0.6815
快樂	0.6811
ed	0.6811
鼠標	0.6811
軟件	0.6797
打電	-0.6790
太差了	-0.6759
nk	0.6703
退房	-0.6701
hp	0.6698
很滿意	0.6698
速度也	0.6687
think	0.6687
thin	0.6687
hink	0.6687
價比	0.6651
流暢	0.6633
速度很	0.6633
較高	0.6626
再也	-0.6620
電影	0.6611
簡直	-0.6602
東的	0.6582
知識	0.6580
告知	-0.6572
老師	0.6547
很滿	0.6529
這個酒店	-0.6515
這個酒	-0.6515
設計	0.6508
再也不	-0.6492
系列	0.6476
重量	0.6464
的配置	0.6464
的生	0.6448
比較高	0.6448
挺好	0.6425
度很快	0.6414
生活	0.6383
價比很高	0.6374
比很高	0.6374
性價比很高	0.6374
極差	-0.6356
哈哈	0.6351
攜程	-0.6351
g內存	0.6343
g內	0.6343
的內存	0.6343
結帳	-0.6332
很高	0.6316
hin	0.6315
品牌	0.6312
會再	-0.6303
都不錯	0.6297
ad	0.6287
經理	-0.6276
愛情	0.6274
也比	0.6263
很失望	-0.6258
很失	-0.6258
惡劣	-0.6258
也很	0.6244
歷史	0.6231
盤手感	0.6220
了x	0.6220
鍵盤手感	0.6220
鍵盤手	0.6220
盤手	0.6220
p系	0.6220
細節	0.6216
足夠	0.6216
換房	-0.6216
電話	-0.6202
許多	0.6184
不喜歡	-0.6182
不喜	-0.6168
機子	0.6156
根本不	-0.6149
pa	0.6132
很值	0.6111
差的酒店	-0.6104
差的酒	-0.6104
個酒店	-0.6098
g的	0.6094
xp系統	0.6094
xp系	0.6094
p系統	0.6094
整體	0.6084
瞭解	0.6077
每一	0.6069
媽媽	0.6069
不足	0.6056
個酒	-0.6049
千萬	-0.6044
不如	-0.6019
了xp	0.5965
真正	0.5944
居然	-0.5932
的本	0.5923
這是一	0.5921
也比較	0.5921
竟然	-0.5907
上當	-0.5903
個房	-0.5889
床單	-0.5862
美的	0.5858
京東的	0.5834
外殼	0.5834
很有	0.5811
不值得	-0.5809
深刻	0.5792
很熱	0.5792
升級	0.5785
還不錯	0.5771
有所	0.5770
毛巾	-0.5769
個房間	-0.5769
每個	0.5768
thi	0.5766
都沒有	-0.5758
空調	-0.5742
地毯	-0.5729
來說還	0.5709
烤漆	0.5701
開機	0.5701
藍牙	0.5701
置不錯	0.5699
新的	0.5696
上網本	0.5696
學習	0.5695
聯想	0.5683
的文	0.5683
裝的	0.5680
感覺還	0.5674
如家	-0.5671
根本就	-0.5671
半夜	-0.5671
生命	0.5665
還是很	0.5648
差房	-0.5640
常差	-0.5640
非常差	-0.5640
都會	0.5628
房間的	-0.5599
讀這	0.5597
是比較	0.5592
差了	-0.5585
星級的	-0.5582
置很	0.5574
比還	0.5573
很熱情	0.5571
夠用了	0.5565
ed屏	0.5565
led屏	0.5565
配置不	0.5565
d屏	0.5565
很喜	0.5562
境不錯	0.5558
糟糕	-0.5530
就沒	-0.5525
後悔	-0.5524
還行	0.5520
服務也	0.5520
受益	0.5499
相對	0.5492
很喜歡	0.5490
很好的	0.5478
幸福	0.5478
裝了	0.5478
us	0.5461
環境不錯	0.5452
根本沒	-0.5450
黴味	-0.5450
呵呵	0.5446
小姐	-0.5443
精緻	0.5442
重要	0.5435
不足的	0.5428
dd	0.5428
一流	0.5428
覺還	0.5414
都沒	-0.5404
總體感覺	0.5393
差房間	-0.5378
所值	0.5376
本沒	-0.5367
電梯	-0.5359
hi	0.5352
體感覺	0.5330
不要	-0.5328
一切	0.5325
體感	0.5288
獨顯	0.5288
觀不錯	0.5288
光驅	0.5288
強大	0.5288
常喜歡	0.5279
常喜	0.5279
非常喜	0.5279
非常喜歡	0.5279
無線	0.5277
的學	0.5277
經典	0.5256
設施陳舊	-0.5251
施陳舊	-0.5251
施陳	-0.5251
設施陳	-0.5251
總體感	0.5248
更多	0.5238
也挺	0.5237
常不錯	0.5237
非常不錯	0.5237
網本	0.5233
價比還	0.5233
務也	0.5229
心裡	0.5228
當不錯	0.5208
相當不錯	0.5208
人生	0.5208
半天	-0.5191
人們	0.5188
走廊	-0.5187
是壞	-0.5186
對不	-0.5186
房費	-0.5185
了點	0.5183
下次不	-0.5181
合適	0.5169
比很	0.5168
閱讀	0.5161
了房	-0.5151
最好	0.5147
體感覺不錯	0.5145
外觀不	0.5145
熱也	0.5145
看電影	0.5145
的驅	0.5145
能力	0.5139
父母	0.5139
一晚	-0.5125
性價比還	0.5117
錯的酒店	0.5117
錯的酒	0.5117
不錯的酒	0.5117
不錯的酒店	0.5117
前臺	-0.5113
辦法	-0.5102
置不	0.5094
也不好	-0.5087
住過的	-0.5087
能也	0.5082
一口氣	0.5075
說還	0.5059
不好	-0.5051
是比	0.5051
一種	0.5048
收費	-0.5048
th	0.5039
活的	0.5039
隔音	-0.5039
該酒	-0.5022
歡的	0.5016
喜歡的	0.5016
送貨	0.5016
要好	0.5012
外觀不錯	0.5001
速度還	0.5000
讀這本	0.5000
d的	0.5000
預定	-0.4989
該酒店	-0.4982
性價比很	0.4982
價比很	0.4982
較好	0.4979
畢竟	0.4971
要住	-0.4969
不要住	-0.4963
用了	0.4958
總體	0.4957
度快	0.4955
也可	0.4949
書中	0.4934
房間裡	-0.4931
不住	-0.4922
的選	0.4922
這個價	0.4909
洗澡	-0.4896
面對	0.4894
可愛	0.4893
也可以	0.4892
的故	0.4889
好很	0.4887
說沒	-0.4883
讀這本書	0.4882
沒人	-0.4881
次不	-0.4875
自帶	0.4871
下次還	0.4871
ddr	0.4855
的機器	0.4855
一款	0.4855
的驅動	0.4855
池續航	0.4855
池續	0.4855
電池續航	0.4855
配置也	0.4855
電池續	0.4855
的房	-0.4851
以後不	-0.4843
的文字	0.4831
間裡	-0.4829
還是不	0.4828
心的	0.4828
值得	0.4828
學的	0.4828
送的	0.4828
足的	0.4827
均衡	0.4827
速度快	0.4827
只能	-0.4823
陳舊	-0.4806
很髒	-0.4804
in	0.4802
是壞的	-0.4794
通方	0.4793
的歷	0.4793
高的	0.4793
日常	0.4793
服務員	-0.4792
務員	-0.4790
的故事	0.4788
合理	0.4784
垃圾	-0.4770
很實	0.4768
方便	0.4764
觀不	0.4762
第二天	-0.4754
二天	-0.4744
的選擇	0.4740
進去	-0.4737
人性	0.4725
口氣	0.4725
的來	0.4722
氣憤	-0.4720
間很乾淨	0.4708
也很快	0.4708
輕便	0.4708
的本本	0.4708
不錯性	0.4708
間很乾	0.4708
常好的	0.4708
錯性	0.4708
bm	0.4708
性能不	0.4708
美中	0.4708
非常好的	0.4708
ibm	0.4708
本就	-0.4705
的客	-0.4703
也不會	-0.4701
後不	-0.4701
攜程的	-0.4699
都很	0.4698
子的	0.4697
熱量	0.4697
的房間	-0.4695
體來	0.4693
要求	-0.4691
交通方	0.4680
定了	-0.4674
目前	0.4668
os	0.4668
定會	0.4663
的心	0.4656
思考	0.4655
不錯房	0.4655
熱情	0.4648
個價	0.4641
的配	0.4639
溫馨	0.4635
生的	0.4621
書中的	0.4610
雖然	0.4607
手續	-0.4599
p的	0.4592
慢慢	0.4592
時尚	0.4592
不上	-0.4569
預訂	-0.4567
不錯服務	0.4566
益匪	0.4566
不錯服	0.4566
每一個	0.4566
去住	-0.4565
單詞	-0.4564
是一本	0.4562
美中不	0.4558
待機	0.4558
在京東	0.4558
熱好	0.4558
下次還會	0.4558
做工不	0.4558
發熱量	0.4558
較合	0.4558
房間很乾淨	0.4558
美中不足	0.4558
能不錯	0.4558
中不足	0.4558
房間很乾	0.4558
散熱好	0.4558
次還會	0.4558
de	0.4558
滿足	0.4555
的來說	0.4547
錯房間	0.4546
不錯房間	0.4546
的機	0.4544
市中	0.4544
研究	0.4540
解釋	-0.4539
比我	0.4537
的方	0.4526
確實	0.4526
四星級	-0.4496
得推	0.4490
值得推	0.4490
想的	0.4479
使用	0.4477
中的	0.4467
一部	0.4460
通方便	0.4451
益匪淺	0.4451
匪淺	0.4451
受益匪	0.4451
交通方便	0.4451
文字	0.4449
來很	0.4448
尤其	0.4447
比較	0.4440
愛不	0.4436
美麗	0.4436
溫暖	0.4433
總的	0.4429
地理位置	0.4428
理位置	0.4428
地理位	0.4428
理位	0.4428
的作	0.4423
的自	0.4420
交通	0.4416
這套	0.4410
不怎	-0.4408
高清	0.4408
win	0.4408
性能不錯	0.4408
很溫	0.4408
外形	0.4408
便利	0.4407
間房	-0.4403
時間長	0.4398
更加	0.4398
總體來	0.4398
不滿	-0.4392
得推薦	0.4387
值得推薦	0.4387
起來很	0.4387
生活中	0.4359
活中	0.4359
萬不	-0.4356
不適	-0.4348
只好	-0.4346
的好書	0.4341
也還可以	0.4335
也還可	0.4335
的歷史	0.4335
受益匪淺	0.4335
幾頁	-0.4335
效果	0.4330
體來說	0.4328
不舒	-0.4327
挺好的	0.4325
來說	0.4322
動的	0.4312
總的來	0.4312
指紋	0.4300
很輕	0.4300
舒適	0.4298
是我住	-0.4293
入住時	-0.4293
地理	0.4290
生動	0.4287
教育	0.4286
總的來說	0.4286
版本	0.4284
鋼琴	0.4275
還是比較	0.4274
的成	0.4268
配置不錯	0.4255
做工不錯	0.4255
總體感覺不錯	0.4255
散熱也	0.4255
觀也	0.4255
的x	0.4255
望了	-0.4251
都有	0.4251
外面	-0.4245
順利	0.4240
社會	0.4240
錯不	0.4240
千萬不	-0.4238
值得一	0.4227
還不如	-0.4226
不舒服	-0.4225
等了	-0.4225
女兒	0.4223
各種	0.4220
不適合	-0.4220
錯服務	0.4214
錯服	0.4214
這個價位	0.4211
生活的	0.4211
個價位	0.4211
方法	0.4210
滿意	0.4200
的最差	-0.4198
這套書	0.4197
整潔	0.4191
實在不	-0.4184
錯房	0.4180
中不	0.4180
支持	0.4180
置也	0.4180
安靜	0.4174
鬱悶	-0.4168
ib	0.4166
測試	0.4166
很值得	0.4166
作品	0.4155
dr	0.4152
有所值	0.4152
嚴重	-0.4150
于丹	-0.4147
擁有	0.4139
沒見	-0.4138
不錯不	0.4132
了這本	0.4125
壞的	-0.4123
不乾	-0.4114
不乾淨	-0.4114
壞了	-0.4113
人失	-0.4113
是我住過	-0.4113
故事	0.4109
然說	-0.4106
我住過	-0.4106
不錯了	0.4103
風扇	0.4102
裝了x	0.4102
還會選	0.4102
外觀也	0.4102
的鍵	0.4102
的鍵盤	0.4102
裝了xp	0.4102
沒的	0.4102
摸板	0.4102
觸摸板	0.4102
很近	0.4094
住時	-0.4093
好的	0.4088
家長	0.4085
身邊	0.4082
市中心	0.4082
對於	0.4082
難道	-0.4065
我只	-0.4040
下次不會	-0.4040
次不會	-0.4040
炒作	-0.4040
at	0.4038
我喜	0.4038
本好	0.4038
實的	0.4037
本的	0.4037
電腦	0.4032
分區	0.4031
物有所值	0.4027
體感覺還	0.4027
很精	0.4025
通過攜程	-0.4023
時的	0.4021
交涉	-0.4019
信用	-0.4017
的精	0.4013
很舊	-0.4000
有了	0.4000
絕對不	-0.3992
還是比	0.3992
大學	0.3990
加了	0.3990
間長	0.3985
通過攜	-0.3982
浪費	-0.3973
是一種	0.3972
的筆	0.3972
度很	0.3968
書籍	0.3968
隔壁	-0.3967
都能	0.3966
點評2007	-0.3962
評2007年	-0.3962
容易	0.3957
非常方	0.3947
用了一	0.3947
常方便	0.3947
主流	0.3947
常方	0.3947
非常方便	0.3947
比較合	0.3947
過程	0.3947
算是	0.3940
洗手	-0.3939
了半	-0.3939
較差	-0.3937
間太	-0.3937
的不錯	0.3936
我喜歡	0.3936
有時	0.3933
主要	0.3926
不僅	0.3924
還是有	0.3924
就是一	-0.3923
好用	0.3919
噁心	-0.3919
沒有收	-0.3919
這是一本	0.3913
是非	0.3912
後的	0.3912
過攜程	-0.3912
的性	0.3908
贊一	0.3902
的散	0.3896
意外	0.3896
是很不錯的	0.3896
次還	0.3895
間小	-0.3894
不給	-0.3894
沒有任何	-0.3889
沒有任	-0.3889
辦理	-0.3885
覺很	0.3884
感覺很	0.3884
的客人	-0.3882
再也不會	-0.3882
認識	0.3881
女孩	0.3881
置很好	0.3878
過攜	-0.3874
不釋	0.3867
務不錯	0.3867
最喜	0.3867
服務不錯	0.3867
的孩	0.3866
的孩子	0.3866
比較好	0.3862
總體來說	0.3862
有任何	-0.3859
孩子	0.3850
一段	0.3838
夠了	0.3834
人失望	-0.3834
思想	0.3829
住這個	-0.3825
總是	0.3825
清晰	0.3816
的思	0.3814
看到了	0.3814
舒服	0.3813
者的	0.3809
的愛情	0.3808
深的	0.3808
穩定	0.3808
被告	-0.3807
的設施	-0.3806
地鐵	0.3803
內心	0.3803
方面的	0.3800
境不	0.3794
盤很	0.3792
機時間	0.3792
原裝	0.3792
鋼琴烤	0.3792
琴烤漆	0.3792
琴烤	0.3792
還會選擇	0.3792
鋼琴烤漆	0.3792
最差的酒店	-0.3790
最差的酒	-0.3790
信用卡	-0.3783
有任	-0.3782
真實	0.3777
很棒	0.3777
大方	0.3777
回憶	0.3777
每天	0.3776
一口	0.3774
年的	0.3774
簡陋	-0.3766
比想象	0.3765
對孩子	0.3759
命運	0.3759
比較實	0.3759
對孩	0.3759
在京	0.3759
較實	0.3759
機時	0.3759
房間太	-0.3756
看這本	0.3755
不會再住	-0.3751
釋手	0.3748
刻的	0.3748
人類	0.3748
愛不釋	0.3748
的日	0.3748
情感	0.3748
看的	0.3734
一讀	0.3732
發展	0.3732
先生	0.3729
定不	-0.3728
的最差的	-0.3722
己的	0.3714
自己的	0.3714
讀一	0.3714
很安	0.3714
是非常	0.3707
環境不	0.3707
時代	0.3706
多了	0.3706
小說	0.3702
的味道	-0.3702
用卡	-0.3702
貨速	0.3699
比想	0.3699
失望了	-0.3693
香港	0.3692
總檯	-0.3692
感到	0.3690
看著	0.3688
那樣	0.3683
住過的最	-0.3671
不會住	-0.3671
一間	-0.3671
書是	0.3668
根本沒有	-0.3666
重要的	0.3666
要的	0.3661
看完	0.3659
最喜歡	0.3656
很好看	0.3652
工不	0.3651
海景	0.3642
開始	0.3642
千萬不要	-0.3639
萬不要	-0.3639
刷卡	-0.3639
尤其是	0.3639
視角	0.3636
輕薄	0.3636
待機時間	0.3636
待機時	0.3636
自提	0.3636
不愧	0.3636
回味	0.3636
的認	0.3630
驚喜	0.3630
愛不釋手	0.3630
不釋手	0.3630
物有所	0.3630
好看	0.3630
再住	-0.3629
的比	0.3619
了這本書	0.3611
度也	0.3598
房間小	-0.3596
房時	-0.3596
相當不	0.3590
務很好	0.3590
貨速度	0.3590
服務很好	0.3590
被告知	-0.3586
間很小	-0.3586
不符	-0.3586
不滿意	-0.3586
拿到	0.3570
本沒有	-0.3570
過的最	-0.3568
以及	0.3563
以後不會	-0.3562
沒見過	-0.3562
改變	0.3558
購買	0.3556
有趣	0.3555
套書	0.3551
的味	-0.3546
長的	0.3541
不推薦	-0.3539
分析	0.3539
很適	0.3539
更好	0.3536
兒童	0.3526
同學	0.3526
深刻的	0.3525
學校	0.3525
態度極	-0.3523
翻了	-0.3520
道這	-0.3517
給她	0.3517
師的	0.3513
體感覺不	0.3511
是很不錯	0.3511
儘管	0.3510
下次去	0.3508
關注	0.3508
書後	0.3508
喜歡	0.3507
其是	0.3498
了很多	0.3498
方式	0.3497
這一	0.3492
到手	0.3487
工不錯	0.3485
大師	0.3485
的設計	0.3485
的結局	0.3485
還送	0.3485
總體感覺還	0.3485
還可	0.3481
現代	0.3481
的知識	0.3481
sat	0.3479
壞點	0.3479
linu	0.3479
惠普	0.3479
都有了	0.3479
usb	0.3479
inu	0.3479
ata	0.3479
做工還	0.3479
ux	0.3479
性能也	0.3479
nu	0.3479
配置還	0.3479
格合	0.3479
很溫馨	0.3479
inux	0.3479
做工很	0.3479
散熱不	0.3479
價格合	0.3479
linux	0.3479
nux	0.3479
的了	0.3477
要收	-0.3475
的教	0.3467
機會	0.3464
同時	0.3456
浴室	-0.3448
其中的	0.3445
差勁	-0.3437
我很	0.3433
不同	0.3430
服務很差	-0.3427
務很差	-0.3427
統的	0.3425
不錯就是	0.3425
歉意	-0.3421
開心	0.3419
不大	0.3417
想法	0.3414
接受	0.3407
盜版	-0.3400
覺很好	0.3398
感覺很好	0.3398
的外	0.3397
不推	-0.3397
攜帶	0.3392
爸爸	0.3392
的有	0.3390
他的	0.3389
自然	0.3376
即使	0.3376
後不會	-0.3373
年輕	0.3372
方面	0.3368
感受	0.3364
看電	0.3357
真的很	0.3354
真不	-0.3353
挺快	0.3348
的細	0.3348
錯的選	0.3348
不錯的選擇	0.3348
錯的選擇	0.3348
不錯的選	0.3348
店是	-0.3345
後再	-0.3345
真不知	-0.3345
沒有收到	-0.3345
有收到	-0.3345
她的	0.3345
的很	0.3341
辦公	0.3341
獨立	0.3339
wi	0.3339
在的	0.3334
性價比不	0.3330
的理	0.3324
果不錯	0.3321
ista系	0.3321
p驅	0.3321
p驅動	0.3321
sta系統	0.3321
的每一	0.3321
sta系	0.3321
xp驅動	0.3321
外觀很漂	0.3321
效果不錯	0.3321
性價比較高	0.3321
ta系統	0.3321
a系	0.3321
ta系	0.3321
a系統	0.3321
ista系統	0.3321
sata	0.3321
觀很漂亮	0.3321
配置比	0.3321
散熱還	0.3321
很順	0.3321
觀很漂	0.3321
vista系	0.3321
價比較高	0.3321
是完美	0.3321
xp驅	0.3321
外觀很漂亮	0.3321
還可以	0.3321
也算	0.3320
就到	0.3320
便宜	0.3313
很感	0.3312
白色	0.3312
下載	0.3312
有點小	0.3312
的喜	0.3312
一年	0.3312
本好書	0.3312
看這本書	0.3307
級的酒	-0.3306
級的酒店	-0.3306
人物	0.3302
作者的	0.3302
房間很小	-0.3291
單上	-0.3285
個故事	0.3285
相當	0.3282
員說	-0.3281
認為	0.3279
馬桶	-0.3276
的招	-0.3276
開門	-0.3275
得起	0.3273
午就	0.3272
著作	0.3272
一些	0.3272
前的	0.3268
次去	0.3264
是對	0.3248
到這本	0.3247
主人	0.3247
這是我住	-0.3245
過的最差	-0.3245
都不如	-0.3239
換房間	-0.3239
到位	0.3235
了自	0.3232
位置很	0.3232
懷疑	-0.3229
不錯就	0.3220
不怎麼樣	-0.3219
間沒	-0.3217
的很好	0.3217
的每	0.3217
算不錯	0.3217
記得	0.3217
雖然不	0.3211
感謝	0.3211
可以	0.3210
id	0.3210
往往	0.3210
適合女	0.3210
工很	0.3210
合女	0.3210
中國	0.3209
帳時	-0.3208
結帳時	-0.3208
位置很好	0.3198
淨整	0.3198
乾淨整	0.3198
小但	0.3198
不過	0.3196
沒辦法	-0.3190
沒法	-0.3190
沒辦	-0.3190
手間	-0.3186
洗手間	-0.3186
價比不	0.3179
的人	0.3177
度極	-0.3175
打電話給	-0.3175
星級的酒	-0.3175
星級的酒店	-0.3175
樣的酒	-0.3174
樣的酒店	-0.3174
議大家	-0.3169
建議大家	-0.3169
建議大	-0.3169
天早	-0.3169
議大	-0.3169
福的	0.3164
熱很	0.3164
行速度	0.3164
快樂的	0.3164
運行速度	0.3164
小了點	0.3164
行速	0.3164
運行速	0.3164
價錢	0.3159
電話給	-0.3157
酒店是	-0.3154
簡潔	0.3154
亮點	0.3153
錯就是	0.3153
細膩	0.3153
心靈	0.3153
也好	0.3153
還算	0.3149
有些	0.3148
總體感覺不	0.3145
玩遊戲	0.3145
足夠了	0.3145
贊一個	0.3145
實踐	0.3145
學者	0.3145
玩遊	0.3145
每次	0.3138
以後再	-0.3127
是我住過的	-0.3127
來說還是	0.3127
有著	0.3127
本很	0.3127
看得	0.3126
家庭	0.3126
個故	0.3126
就可以	0.3126
實是	0.3124
給他	0.3123
讀了	0.3123
程訂	-0.3116
點小	0.3115
心中	0.3115
很安靜	0.3111
期間	-0.3103
攜程訂	-0.3094
培養	0.3084
的世	0.3084
書我	0.3084
就沒有	-0.3080
再去	-0.3080
太不	-0.3074
們說	-0.3074
鐘才	-0.3074
要入住	-0.3073
服務也不錯	0.3073
務也不錯	0.3073
力量	0.3073
線網	0.3073
家用	0.3073
馬路	-0.3070
所謂的	-0.3070
謂的	-0.3070
的確	0.3069
書裡	0.3069
成為	0.3063
這是我住過	-0.3062
住過的最差	-0.3062
不要住這	-0.3062
看這	0.3061
購物	0.3061
充滿	0.3060
當然	0.3059
明明	-0.3055
情節	0.3055
就有	0.3055
我住過的	-0.3044
店真	-0.3044
錯就	0.3042
反正	-0.3041
特色	0.3037
的世界	0.3035
被子	-0.3031
用的	0.3030
人了	-0.3030
直就	-0.3030
簡直就	-0.3030
在攜	-0.3028
的知	0.3027
的發	0.3027
個服	-0.3027
話給	-0.3027
韓國	-0.3027
物有	0.3021
好的一	0.3021
的系	0.3019
很便	0.3019
熱不	0.3019
不錯比	0.3019
夢想	0.3019
習慣	0.3017
作者	0.3017
到前	-0.3016
有一些	0.3016
很強	0.3011
線網卡	0.3006
沒的說	0.3006
這個配置	0.3006
入手	0.3006
錯性價	0.3006
看中	0.3006
續航能	0.3006
無線網卡	0.3006
碩的	0.3006
個配置	0.3006
錯性價比	0.3006
航能	0.3006
常值	0.3006
鍵盤也	0.3006
個配	0.3006
幸福的	0.3006
這個配	0.3006
航能力	0.3006
ide	0.3006
續航能力	0.3006
非常值	0.3006
很周	0.3006
的xp	0.3006
常常	0.3006
不錯性價	0.3006
不錯性價比	0.3006
關於	0.2991
的一些	0.2988
幾天	0.2986
個電話	-0.2986
的招待所	-0.2986
遺憾	0.2984
國的	0.2984
今天	0.2982
能夠	0.2982
以看	0.2974
說沒有	-0.2972
了半天	-0.2972
還住	0.2971
的筆記本	0.2971
的筆記	0.2971
可以接受	0.2971
可以看	0.2966
描寫	0.2966
感情	0.2966
了很	0.2962
都可以	0.2946
找不	-0.2942
務差	-0.2937
答覆	-0.2937
服務差	-0.2937
質量很好	0.2935
性價比較	0.2935
無線網	0.2935
沒得說	0.2935
非常有	0.2935
述了	0.2935
實很	0.2934
可以接	0.2934
效果不	0.2934
段時	0.2930
這樣的酒	-0.2922
這樣的酒店	-0.2922
寶寶	0.2919
較滿	0.2918
較滿意	0.2918
進房	-0.2916
不喜歡這	-0.2916
店實	-0.2916
後不會再	-0.2916
酒店太	-0.2916
是最好	0.2916
花園	0.2915
用心	0.2915
要入	-0.2912
差我	-0.2912
只要	0.2911
表現	0.2910
當不	0.2910
ho	0.2910
得的	0.2908
寬敞	0.2908
以前	0.2908
是怎	-0.2903
個服務	-0.2902
缺點	0.2899
得說	0.2892
網卡	0.2892
有特色	0.2892
體來說還	0.2892
老師的	0.2892
細緻	0.2892
有點	0.2890
在攜程	-0.2890
及時	0.2884
享受	0.2884
都可	0.2884
麼差的	-0.2879
當了	-0.2879
日入住	-0.2878
日入	-0.2878
乾淨	0.2877
務質	-0.2865
服務質	-0.2865
消費	-0.2865
不少	0.2860
心態	0.2857
隨著	0.2857
很適合	0.2857
尋找	0.2857
自由	0.2857
的老	0.2856
回家	0.2852
的年	0.2852
錯還	0.2848
色很	0.2848
非常值得	0.2848
做工精	0.2848
錯鍵	0.2848
ios	0.2848
刻錄	0.2848
青春	0.2848
散熱很	0.2848
bio	0.2848
hd	0.2848
常值得	0.2848
很周到	0.2848
bios	0.2848
工精	0.2848
son	0.2848
的散熱	0.2848
非常滿	0.2848
常滿	0.2848
dr3	0.2848
ddr3	0.2848
常滿意	0.2848
非常滿意	0.2848
羨慕	0.2848
打掃	-0.2846
書沒	-0.2846
了幾頁	-0.2844
這酒店	-0.2844
旅館	-0.2844
這酒	-0.2844
沒收	-0.2844
服務質量	-0.2842
務質量	-0.2842
會再住	-0.2842
其實	0.2842
此酒店	-0.2836
此酒	-0.2836
是挺	0.2834
的美	0.2834
比這	-0.2833
起來	0.2830
我也	0.2830
新裝	0.2829
難得	0.2825
是攜程	-0.2821
比較滿意	0.2820
比較滿	0.2820
代的	0.2820
好了	0.2811
學會	0.2810
費升	0.2810
不錯我	0.2810
免費升	0.2810
易懂	0.2810
女主	0.2810
完了	0.2808
不一	0.2807
得一	0.2807
了她	0.2806
龍頭	-0.2804
我打	-0.2802
的招待	-0.2802
還會住	0.2798
的視	0.2798
很到	0.2798
很到位	0.2798
bi	0.2798
還是很不錯	0.2798
比較有	0.2798
樂的	0.2798
還是挺	0.2797
會有	0.2792
舊的	-0.2788
其中	0.2788
有辦	-0.2781
沒有辦	-0.2781
要是	0.2779
的位	0.2779
說還是	0.2779
天下	0.2779
大人	0.2779
煙味	-0.2778
住這個酒店	-0.2777
住這個酒	-0.2777
店太	-0.2774
的情	0.2769
的風	0.2768
景色	0.2766
我很喜	0.2766
我很喜歡	0.2766
時光	0.2766
位置不錯	0.2766
有收	-0.2763
以後不會再	-0.2755
酒店實	-0.2755
到前臺	-0.2752
顯示	0.2749
一直	0.2749
本書中	0.2744
覺還是	0.2744
子一	0.2738
子很	0.2738
人心	0.2738
段時間	0.2738
次來	0.2738
很多	0.2722
見過	-0.2722
員很	0.2716
的教育	0.2716
結合	0.2716
注意	0.2712
的觀	0.2711
看了這本	0.2709
這些	0.2707
部分	0.2706
取消	-0.2705
實在太	-0.2705
服務也很	0.2704
的人生	0.2703
書的時候	0.2703
書的時	0.2703
髒的	-0.2702
隨便	-0.2696
後再也不	-0.2696
這麼差的	-0.2696
過的最差的	-0.2696
就可	0.2696
一本	0.2694
ip	-0.2692
極其	-0.2692
環境很好	0.2691
天看	0.2691
不禁	0.2691
來很舒	0.2691
成長的	0.2691
境很好	0.2691
華碩的	0.2691
配置都	0.2691
不錯鍵	0.2691
2g內	0.2691
雙核	0.2691
配置比較	0.2691
的應	0.2691
鍵盤很	0.2691
不錯還	0.2691
較合理	0.2691
起來很舒	0.2691
統也	0.2691
系統也	0.2691
深處	0.2691
很舒適	0.2691
2g內存	0.2691
算了	-0.2683
本書的	0.2681
淨整潔	0.2679
乾淨整潔	0.2679
錯比	0.2679
趣的	0.2676
精美	0.2676
看過	0.2675
間沒有	-0.2673
點不	0.2671
是最	0.2669
色的	0.2668
前臺說	-0.2666
費用	-0.2666
臺說	-0.2666
蚊子	-0.2666
不要去	-0.2666
廁所	-0.2664
前臺服務員	-0.2664
臺服務員	-0.2664
點是	0.2662
看了這	0.2662
也很不錯	0.2661
配置很	0.2661
的顯	0.2661
講解	0.2661
完美的	0.2661
房間乾	0.2661
房間乾淨	0.2661
幕很	0.2661
屏幕很	0.2661
的屏	0.2661
小了	0.2660
別是	0.2655
退貨	-0.2654
房卡	-0.2654
人房	-0.2654
沒有辦法	-0.2650
有辦法	-0.2650
地上	-0.2650
酒店真	-0.2650
相比	0.2648
不實	-0.2648
不下去	-0.2648
暖氣	-0.2648
騷擾	-0.2642
是怎麼	-0.2642
的家	0.2641
盤也	0.2641
lin	0.2641
較有	0.2641
是攜	-0.2636
意的	0.2633
長大	0.2632
很豐	0.2632
試試	0.2632
建議攜	-0.2625
議攜	-0.2625
費我	-0.2625
建議攜程	-0.2625
議攜程	-0.2625
點都	-0.2623
不下	-0.2623
預定的	-0.2620
也會	0.2619
很不	0.2617
是從	0.2617
較方	0.2617
的好	0.2616
ct	-0.2610
ma	0.2610
比不	0.2608
優秀	0.2608
感覺還不	0.2608
覺還不	0.2608
sa	0.2608
基本	0.2603
智慧	0.2601
度也很	0.2601
免費升級	0.2599
深深	0.2599
背景	0.2599
猶豫	0.2599
費升級	0.2599
各位	-0.2597
太失望了	-0.2594
太失望	-0.2594
不會再去	-0.2594
差服	-0.2594
這麼差	-0.2594
不會去	-0.2594
差服務	-0.2594
黴的	-0.2594
輕鬆	0.2593
在太	-0.2589
更多的	0.2586
做的	0.2582
對客	-0.2580
退房時	-0.2580
學生	0.2572
是很不	0.2568
理由	-0.2564
知道這	-0.2564
很不舒	-0.2561
他們說	-0.2561
一個房	-0.2561
細細	0.2561
是最好的	0.2561
大氣	0.2561
模式	0.2561
不錯很	0.2561
mi	0.2561
gh	0.2561
很美	0.2561
的主	0.2560
的作品	0.2556
的優	0.2556
住酒店	-0.2555
住酒	-0.2555
服務意	-0.2551
務意	-0.2551
很不好	-0.2551
的一本	0.2550
該是	0.2549
的想	0.2545
主人公	0.2545
色彩	0.2545
人公	0.2545
了一點	0.2545
的門	-0.2545
位置	0.2545
風格	0.2535
速度也很	0.2534
host	0.2534
起來很舒服	0.2534
過癮	0.2534
常棒	0.2534
很超	0.2534
安裝x	0.2534
物都	0.2534
悲傷	0.2534
ghos	0.2534
作系統	0.2534
得起這	0.2534
傷感	0.2534
領域	0.2534
錯鍵盤	0.2534
很超值	0.2534
1g內存	0.2534
安裝xp	0.2534
京東送	0.2534
非常棒	0.2534
ghost	0.2534
自帶的	0.2534
東送	0.2534
操作系	0.2534
1g內	0.2534
音質	0.2534
來很舒服	0.2534
很順利	0.2534
操作系統	0.2534
是完美屏	0.2534
ad的	0.2534
觀時	0.2534
xp的	0.2534
不錯鍵盤	0.2534
gho	0.2534
比比較	0.2534
間都	-0.2532
我的房	-0.2531
太舊	-0.2531
tri	-0.2530
trip	-0.2530
ctri	-0.2530
道歉	-0.2530
ctrip	-0.2530
rip	-0.2530
較方便	0.2528
了自己	0.2526
做到	0.2526
產品	0.2526
的啟	0.2525
m的	0.2525
質感	0.2525
還是很不錯的	0.2525
錯只	0.2525
神祕	0.2525
珍惜	0.2525
好裝	0.2525
現在	0.2525
算不	0.2523
就是一個	-0.2521
務員說	-0.2521
房間太小	-0.2521
服務員說	-0.2521
入睡	-0.2520
直就是	-0.2520
簡直就是	-0.2520
感覺還不錯	0.2519
一定會	0.2519
覺還不錯	0.2519
個女	0.2519
間乾	0.2516
就送	0.2516
童年	0.2516
io	0.2516
工還	0.2516
保護	0.2516
裝上	0.2516
抱著	0.2516
的心態	0.2516
量很好	0.2516
多的	0.2513
大失	-0.2513
以後再也不	-0.2513
發黴的	-0.2513
的房費	-0.2513
住過的最差的	-0.2513
家千萬	-0.2513
大家千萬	-0.2513
大家千	-0.2513
家千	-0.2513
on	0.2510
欣賞	0.2510
性化	0.2510
看了這本書	0.2510
li	0.2510
先生的	0.2500
通知	-0.2500
新裝修	0.2500
到這本書	0.2500
動物	0.2499
剛開始	0.2499
那時	0.2499
務也很	0.2499
讀者	0.2497
特點	0.2495
一點都	-0.2494
能不	0.2489
負責	-0.2488
讓我們	0.2481
要住這	-0.2476
丹的	-0.2476
竟然說	-0.2476
看不下	-0.2476
二星	-0.2476
自助	0.2474
這樣一	0.2474
帶著	0.2474
個很	0.2474
真正的	0.2474
兒子	0.2473
的圖	0.2472
本書是	0.2468
上網	0.2467
比較方	0.2465
人感	0.2461
不理	-0.2454
我覺	0.2449
現金	-0.2445
也太	-0.2445
人都	0.2445
讀到	0.2443
也很方	0.2443
小時候	0.2443
特別是	0.2442
務意識	-0.2438
服務意識	-0.2438
屬於	0.2437
經常	0.2436
文學	0.2435
的速度	0.2435
關鍵	0.2435
分鐘才	-0.2433
麼評	-0.2433
不住這	-0.2433
後再也	-0.2433
級到	0.2429
女孩子	0.2429
一生	0.2429
那種	0.2425
決不	-0.2424
ctr	-0.2424
我覺得	0.2424
比較差	-0.2421
晚上1	-0.2421
ri	-0.2421
才買	-0.2421
1房間	-0.2421
很不舒服	-0.2421
沒收到	-0.2421
也是	0.2421
有意	0.2418
自己	0.2416
內容很	-0.2413
確認	-0.2413
對的	0.2411
的眼	0.2411
一小	-0.2408
一本好	0.2407
dm	0.2407
感覺還是	0.2407
錯很	0.2407
都很好	0.2407
本是	0.2407
看到這	0.2407
的位置	0.2407
們酒	-0.2407
每個人	0.2407
務很	0.2405
的同	0.2398
推薦給	0.2397
是她	0.2397
人性化	0.2397
薦給	0.2397
話到	-0.2395
授權	-0.2395
那些	0.2394
常有	0.2392
的想法	0.2392
so	0.2392
麗的	0.2392
有時候	0.2392
無論	0.2392
喜來登	0.2391
實不錯	0.2391
感悟	0.2391
友推	0.2391
的系統	0.2391
在其	0.2391
貨很	0.2391
熱還	0.2391
間乾淨	0.2391
喜來	0.2391
完這	0.2390
確實是	0.2390
都比較	0.2390
良好	0.2390
從中	0.2390
變化	0.2390
親切	0.2390
電話到	-0.2390
空洞	-0.2390
官網	0.2389
本子	0.2389
鬧中	0.2389
通很	0.2389
氣讀	0.2389
天早上	-0.2389
吸引	0.2381
也能	0.2380
了些	0.2380
有特	0.2380
顧客	-0.2379
住的房	-0.2379
房間隔	-0.2379
觀比	0.2378
kpad的	0.2378
麥克	0.2378
熱很好	0.2378
續航時間	0.2378
外觀時尚	0.2378
和感	0.2378
顯示效果	0.2378
航時	0.2378
愧是	0.2378
的l	0.2378
續航時	0.2378
樸實	0.2378
的硬盤	0.2378
外觀時	0.2378
pad的	0.2378
的要好	0.2378
很爽	0.2378
不愧是	0.2378
顯示效	0.2378
hp的	0.2378
高配	0.2378
散熱很好	0.2378
雖然沒	0.2378
價比比	0.2378
價比比較	0.2378
性價比比較	0.2378
模具	0.2378
預裝	0.2378
感不錯	0.2378
度也很快	0.2378
性價比比	0.2378
示效	0.2378
京東買	0.2378
首選	0.2378
東買	0.2378
航時間	0.2378
速度也很快	0.2378
觀時尚	0.2378
示效果	0.2378
的v	0.2378
至於	0.2377
比較方便	0.2375
不一樣	0.2368
個電	-0.2357
正版	0.2354
強的	0.2354
了解	0.2354
收穫	0.2354
房了	-0.2352
你們的	-0.2352
曾經	0.2350
收藏	0.2350
服務很	0.2348
當天	-0.2345
很是	0.2344
美好	0.2344
它的	0.2340
住了一	-0.2340
價格	0.2334
我最	0.2332
升級到	0.2332
身上	0.2332
高了	0.2332
常失	-0.2331
也很差	-0.2331
是我住過的最	-0.2331
于丹的	-0.2331
太失	-0.2328
看不下去	-0.2328
還沒到	-0.2328
常不好	-0.2328
排行	-0.2328
看到這本	0.2327
很實用	0.2327
也很方便	0.2327
神奇	0.2327
就到了	0.2327
還是很不	0.2327
對得	0.2327
可愛的	0.2327
一本好書	0.2327
跟著	0.2327
對人	0.2327
感很	0.2327
給您	-0.2326
間太小	-0.2325
店一	-0.2325
健康	0.2317
理解	0.2316
這個價格	0.2316
el	0.2314
讓人感	0.2314
步行	0.2314
讀起	0.2312
了一晚	-0.2311
上了	0.2310
看到	0.2309
比如	0.2306
出了	0.2306
打了	-0.2305
重視	-0.2305
不知道這	-0.2303
啟發	0.2296
想要	0.2296
挺不錯	0.2296
完這本	0.2296
本書後	0.2296
宣傳	-0.2294
tr	-0.2294
朋友	0.2289
這本	0.2289
是有	0.2288
傳統	0.2287
本小	0.2287
了不少	0.2287
常生	0.2287
讀過	0.2286
活動	0.2286
會讓	0.2286
和小	0.2285
挺不	0.2285
好奇	0.2285
書時	0.2285
書讓	0.2285
的速	0.2285
置還	0.2285
很吵	-0.2284
二天早	-0.2284
不愉	-0.2284
第二天早	-0.2284
不愉快	-0.2284
們酒店	-0.2284
這本書的	0.2284
定不會	-0.2281
一個房間	-0.2281
真不知道	-0.2281
房的時候	-0.2281
發黴	-0.2281
的看	0.2278
讀的	0.2278
走人	-0.2274
鐘後	-0.2274
勸大家	-0.2274
不要入住	-0.2274
勸大	-0.2274
如何	0.2273
店沒	-0.2270
合作	-0.2269
酒店我	-0.2268
容很	-0.2268
不開	-0.2268
店我	-0.2268
提供了	0.2267
總體來說還	0.2267
確實不錯	0.2267
友推薦	0.2267
do	0.2267
藝術	0.2267
盤的	0.2267
朋友推	0.2267
育孩子	0.2267
朋友推薦	0.2267
沒發現	0.2267
供了	0.2267
生命的	0.2267
育孩	0.2267
應該是	0.2267
錦江	-0.2264
恭維	-0.2264
回覆	-0.2264
們就	-0.2264
一進	-0.2263
會再去	-0.2263
角度	0.2262
身體	0.2262
不同的	0.2262
也非	0.2262
讀書	0.2262
樣一	0.2262
也非常	0.2262
家不要	-0.2261
大家不要	-0.2261
位置不	0.2256
充分	0.2255
是卻	0.2255
都很方便	0.2255
用著	0.2255
淡淡	0.2255
很合	0.2255
都很方	0.2255
口氣讀	0.2255
一口氣讀	0.2255
真的	0.2253
有機	0.2253
在前	-0.2245
訂房	-0.2245
時間	0.2244
實用	0.2239
傢俱	-0.2236
的毛	-0.2235
店環境	0.2235
故事的	0.2235
的描	0.2235
品質	0.2235
有更	0.2235
度很好	0.2235
店環	0.2235
語言	0.2234
送了	0.2228
g的內	0.2223
外觀比	0.2223
nkpad的	0.2223
感很好	0.2223
的認識	0.2223
的情感	0.2223
也很漂	0.2223
最深	0.2223
del	0.2223
功能齊全	0.2223
立顯卡	0.2223
教育方	0.2223
格合理	0.2223
錯值得	0.2223
的顯卡	0.2223
錯值	0.2223
中關	0.2223
能齊	0.2223
聯想的	0.2223
重裝	0.2223
手感很	0.2223
普的	0.2223
dmi	0.2223
散熱不錯	0.2223
價格合理	0.2223
g的內存	0.2223
不足的是	0.2223
示屏	0.2223
足的是	0.2223
hdm	0.2223
體積	0.2223
不錯的書	0.2223
hdmi	0.2223
不錯值得	0.2223
也很漂亮	0.2223
獨立顯卡	0.2223
對得起這	0.2223
識別	0.2223
對得起這個	0.2223
能齊全	0.2223
顯示屏	0.2223
獨立顯	0.2223
很全	0.2223
立顯	0.2223
得起這個	0.2223
功能齊	0.2223
在京東買	0.2223
不錯值	0.2223
育方	0.2223
比較大	0.2222
很多人	0.2222
好的酒	0.2222
詳細	0.2222
好的酒店	0.2222
服的	0.2222
務還	0.2219
讀起來	0.2213
熟悉	0.2213
我入	-0.2212
程網	-0.2212
說你	-0.2212
來登	0.2210
前買	0.2210
樣子	0.2210
不算	0.2209
顯得	0.2209
的特	0.2209
有房間	-0.2208
較大	0.2202
滿意的	0.2202
酒店沒	-0.2202
登記	-0.2197
話我	-0.2197
的因	0.2193
有機會	0.2193
買到	0.2193
以接	0.2193
這本書是	0.2190
為人	0.2185
經很	0.2185
好很多	0.2185
友買	0.2185
勇敢	0.2185
價比較	0.2185
的性價	0.2183
寶貝	0.2183
的非常	0.2183
的性價比	0.2183
寫出	0.2183
說我們	-0.2183
大家不	-0.2183
個價格	0.2182
圖片	0.2182
通過攜程訂	-0.2181
度差	-0.2181
非常不好	-0.2181
的毛巾	-0.2181
過攜程訂	-0.2181
要加	-0.2180
前臺小姐	-0.2180
臺小姐	-0.2180
有服	-0.2180
全新	0.2179
次看	0.2179
as	0.2179
多時	0.2179
現在的	0.2174
非常	0.2169
衛生間的	-0.2167
生間的	-0.2167
間我	-0.2167
最多	-0.2167
並不	0.2166
擔心	0.2165
錯我	0.2165
的總	0.2165
剛開	0.2165
中國的	0.2165
一直在	0.2162
直在	0.2162
高興	0.2162
酒店都	-0.2162
素質	-0.2162
不清楚	-0.2162
翻譯	0.2157
情的	0.2157
度還	0.2152
非常失	-0.2151
黑店	-0.2151
大失所	-0.2151
常失望	-0.2151
結算	-0.2151
幾頁就	-0.2151
度惡	-0.2151
這是我住過的	-0.2151
大失所望	-0.2151
又小	-0.2151
態度惡	-0.2151
非常失望	-0.2151
就算了	-0.2151
上當了	-0.2151
店實在	-0.2151
一起	0.2149
住的房間	-0.2149
點半	-0.2149
小心	-0.2149
的四星	-0.2149
有服務	-0.2149
了說	-0.2149
下水	-0.2149
作為	0.2148
性的	0.2147
存在	0.2145
在看	0.2145
間比較	0.2145
比比	0.2144
書值得	0.2144
平凡	0.2144
書值	0.2144
錯有	0.2144
觀察	0.2144
讀完了	0.2144
在香港	0.2144
在香	0.2144
本書讓	0.2144
沒有電	-0.2144
期待	0.2143
所的	-0.2142
要命	-0.2142
次遇	-0.2142
正的	0.2139
體會	0.2139
是覺得	0.2139
是可	0.2137
還是	0.2135
服務還	0.2134
操作	0.2134
臺小	-0.2134
有房	-0.2134
打電話到	-0.2132
預授	-0.2132
沒意	-0.2132
暢銷	-0.2132
能讓	0.2130
有這樣	0.2130
網線	-0.2130
法入	-0.2130
房的時	-0.2130
間隔	-0.2127
似乎	0.2126
的四	-0.2125
的小	0.2123
有關	0.2121
裝好	0.2121
臺式	0.2121
舊但	0.2121
的變	0.2121
成就	0.2121
強勁	0.2121
計很	0.2121
感慨	0.2121
錯下次	0.2121
不錯只	0.2121
略顯	0.2121
好看的	0.2121
交通很	0.2121
鬧中取	0.2121
比還是	0.2121
理性	0.2121
取靜	0.2121
貨很快	0.2121
有熱	-0.2119
價格便宜	0.2115
廣場	0.2115
酒店環境	0.2115
格便	0.2115
價格便	0.2115
格便宜	0.2115
最重	0.2115
酒店環	0.2115
股黴	-0.2115
我住過的最	-0.2115
分鐘後	-0.2115
後悔買	-0.2115
悔買	-0.2115
天的房	-0.2115
態度差	-0.2115
騙了	-0.2115
以後再也	-0.2115
吵得	-0.2115
股黴味	-0.2115
喜歡這	0.2113
歡這	0.2113
找到	0.2109
幫助	0.2101
前臺小	-0.2100
一步	0.2100
格也	0.2097
價格也	0.2097
追求	0.2096
很豐富	0.2095
看似	0.2095
mm	0.2095
了孩子	0.2095
對得起	0.2095
的外觀	0.2095
引導	0.2095
了孩	0.2095
是很	0.2092
還不	0.2092
住一	-0.2092
培訓	-0.2092
店沒有	-0.2091
為我	0.2091
找不到	-0.2089
現了	0.2086
又有	0.2081
識的	0.2081
只是	0.2077
的雖	0.2076
來說是	0.2076
講述	0.2076
完這本書	0.2076
以自	0.2076
朋友買	0.2076
已經很	0.2076
身邊的	0.2076
毫不	0.2076
置都	0.2076
真實的	0.2076
間比	0.2074
來自	0.2073
還算不	0.2073
是相	0.2072
er	0.2072
得還	0.2070
基礎	0.2070
以接受	0.2070
解的	0.2070
人感動	0.2069
常適	0.2069
美中不足的	0.2069
殺毒	0.2069
搶購	0.2069
常適合	0.2069
比較合理	0.2069
不錯散熱	0.2069
中不足的	0.2069
錯散熱	0.2069
非常適	0.2069
應付	0.2069
的神	0.2069
手感不錯	0.2069
2g的	0.2069
得起這個價	0.2069
g硬	0.2069
的學習	0.2069
s的	0.2069
錯散	0.2069
錯屏幕	0.2069
惠普的	0.2069
g硬盤	0.2069
風扇聲	0.2069
和孩子	0.2069
麥克風	0.2069
手感不	0.2069
還是會	0.2069
集成	0.2069
較均	0.2069
的活	0.2069
扇聲	0.2069
體性	0.2069
輕巧	0.2069
和孩	0.2069
款機	0.2069
得還是	0.2069
自信	0.2069
體感覺還是	0.2069
不錯散	0.2069
對得起這個價	0.2069
相對於	0.2069
不錯屏	0.2069
錯屏	0.2069
非常適合	0.2069
不錯屏幕	0.2069
克風	0.2069
幾乎沒	-0.2067
攜程網	-0.2067
裡了	-0.2064
天房	-0.2064
了前臺	-0.2064
公寓	-0.2064
有很	0.2064
們在	0.2059
終於	0.2059
中央	-0.2057
化的	0.2051
複雜	0.2043
為他	0.2043
的女兒	0.2043
人認	0.2043
人認為	0.2043
文章	0.2042
押金	-0.2040
房間都	-0.2040
千萬別	-0.2040
萬別	-0.2040
式的	0.2039
在這個	0.2039
國家	0.2039
一本書	0.2038
的真	0.2036
房間隔音	-0.2035
沒意思	-0.2035
本就沒	-0.2035
我打電	-0.2035
讓人失	-0.2035
問服務	-0.2035
竟然沒	-0.2035
務太	-0.2035
不要入	-0.2035
酒店說	-0.2035
澡水	-0.2035
服務太	-0.2035
奉勸	-0.2035
店說	-0.2035
無法入	-0.2035
問服	-0.2035
這點	0.2034
有那	0.2034
擾電話	-0.2023
擾電	-0.2023
到這	0.2022
的媽	0.2022
中取	0.2022
挺不錯的	0.2022
真的不錯	0.2022
較舒	0.2022
迫不及	0.2022
一共	-0.2020
房門	-0.2020
的內	0.2019
子還	0.2018
的非	0.2018
前看	0.2018
是每	0.2018
事的	0.2017
書上	0.2016
我認	0.2016
各方	0.2007
接觸	0.2007
風景	0.2007
得很	0.2006
浴巾	-0.2005
預授權	-0.2005
肯定不	-0.2005
沒到	-0.2005
深表歉	-0.2005
深表	-0.2005
糕的	-0.2005
我的房間	-0.2005
糟糕的	-0.2005
表歉意	-0.2005
表歉	-0.2005
深表歉意	-0.2005
桌子	-0.2004
了太	-0.2004
進房間	-0.2004
張愛	-0.2004
都還	0.1998
不建議	-0.1998
強烈建	-0.1998
我們酒	-0.1998
偏僻	-0.1998
強烈建議	-0.1998
烈建議	-0.1998
烈建	-0.1998
不建	-0.1998
該有	0.1996
是值	0.1996
是有點	0.1996
置比較	0.1996
有的	0.1990
買的	0.1989
接到	-0.1988
騷擾電話	-0.1988
房間一	-0.1988
騷擾電	-0.1988
真的很好	0.1988
細心	0.1988
小本	0.1988
枯燥	0.1988
錯外	0.1988
臺式機	0.1988
的指	0.1988
就行	0.1988
式機	0.1988
作系	0.1988
中取靜	0.1988
的命	0.1988
能都	0.1988
音響	0.1988
hos	0.1988
本中	0.1988
物超	0.1988
鬧中取靜	0.1988
友的	0.1985
一遍	0.1985
房間是	-0.1982
態度不	-0.1982
有很多	0.1982
是以	0.1981
候我	0.1981
那麼好	-0.1981
麼這	-0.1981
但卻	0.1981
ac	0.1981
一臺	0.1981
往的	0.1981
年級	0.1981
未來	0.1981
商場	0.1979
他是	0.1979
是覺	0.1977
的女	0.1977
一個人	0.1976
這本書	0.1974
點點	0.1974
酒店實在	-0.1972
常不滿	-0.1972
排行榜	-0.1972
行榜	-0.1972
這種酒店	-0.1972
對不會	-0.1972
態度惡劣	-0.1972
氣的是	-0.1972
種酒	-0.1972
絕對不會	-0.1972
服務員來	-0.1972
度惡劣	-0.1972
心理師	-0.1972
務員來	-0.1972
理師	-0.1972
色戒	-0.1972
種酒店	-0.1972
這種酒	-0.1972
非常不滿	-0.1972
店結	-0.1972
甚遠	-0.1972
還算不錯	0.1968
適中	0.1968
是會	0.1968
的自助	0.1968
通也	0.1968
交通也	0.1966
界的	0.1966
方向	0.1966
為它	0.1966
看完後	0.1966
的感情	0.1966
富的	0.1966
很快就	0.1966
的雖然	0.1966
奇的	0.1966
給孩子	0.1965
給孩	0.1965
中心	0.1963
等等	0.1962
不用	0.1958
千萬不要住	-0.1958
本就不	-0.1958
萬不要住	-0.1958
也不會住	-0.1958
說的	0.1956
對此	-0.1955
忍受	-0.1955
我入住	-0.1955
版的	0.1953
為一	0.1948
各方面	0.1948
很清	0.1948
住店	-0.1947
酒店沒有	-0.1945
求換	-0.1945
保安	-0.1945
要求換	-0.1945
了晚	-0.1945
直是	-0.1945
重新	0.1945
的結	0.1937
對我	0.1931
要的是	0.1927
或許	0.1927
推薦	0.1924
正是	0.1921
沒得	0.1921
最重要	0.1921
的情節	0.1921
讓我	0.1920
看完了	0.1920
個賓館	-0.1919
個賓	-0.1919
了晚上	-0.1919
的vista	0.1916
彼此	0.1916
攜帶方便	0.1916
藍色	0.1916
小點	0.1916
芯片	0.1916
器很	0.1916
的vi	0.1916
優雅	0.1916
帶方	0.1916
非常舒	0.1916
不錯而	0.1916
隨機	0.1916
0g硬盤	0.1916
帶方便	0.1916
務也很好	0.1916
攜帶方	0.1916
適合女孩	0.1916
個孩子	0.1916
京東送貨	0.1916
led屏幕	0.1916
也還不	0.1916
雖然沒有	0.1916
常舒	0.1916
手感很好	0.1916
也還不錯	0.1916
適合女孩子	0.1916
sony	0.1916
東送貨	0.1916
貼心	0.1916
方便服務	0.1916
比想象的	0.1916
單第二天	0.1916
合女孩	0.1916
0g硬	0.1916
的vis	0.1916
合女孩子	0.1916
難得的	0.1916
盤不	0.1916
ed屏幕	0.1916
比較均	0.1916
的vist	0.1916
走向	0.1916
性能還	0.1916
d屏幕	0.1916
顯存	0.1916
方便服	0.1916
娓娓	0.1916
最高的	0.1916
不錯而且	0.1916
服務也很好	0.1916
dell	0.1916
個孩	0.1916
音小	0.1916
果然	0.1915
同的	0.1914
水果	0.1914
類的	0.1914
日本	0.1911
文化	0.1909
說要	-0.1909
可惜	0.1905
錯了	0.1902
戰爭	0.1901
給自己	0.1901
給自	0.1901
卻又	0.1901
一代	0.1901
事中	0.1901
的關	0.1899
作家	0.1897
來讀	0.1897
次性	-0.1896
一次性	-0.1896
這個酒店的	-0.1896
一套	0.1896
免費	0.1894
時候我	0.1892
的方式	0.1892
讓人失望	-0.1890
次遇到	-0.1890
我打電話	-0.1890
店以	-0.1890
根本不是	-0.1890
隔音很	-0.1890
覺得很	0.1889
的讀	0.1889
實不	0.1889
一點都不	-0.1889
敢恭	-0.1889
不敢恭	-0.1889
愛玲	-0.1889
敢恭維	-0.1889
在前臺	-0.1889
簡直是	-0.1889
水龍頭	-0.1889
不敢恭維	-0.1889
張愛玲	-0.1889
水龍	-0.1889
值的	0.1883
了不過	0.1883
很多的	0.1883
位的	0.1883
完後	0.1883
的身	0.1883
置比	0.1883
本書我	0.1881
不提	-0.1878
江之	-0.1878
之星	-0.1878
江之星	-0.1878
錦江之星	-0.1878
定單	-0.1878
音太	-0.1878
沒有熱	-0.1878
您入住	-0.1878
錦江之	-0.1878
睡不	-0.1878
的書籍	0.1878
位於	0.1878
房型	-0.1877
店這	-0.1877
間隔音	-0.1877
收到書	-0.1877
還說	-0.1877
一晚上	-0.1877
特別	0.1877
麼會	-0.1873
人住	-0.1873
乎沒	-0.1873
不堪	-0.1868
賠償	-0.1868
什麼意思	-0.1868
頁就	-0.1868
麼意思	-0.1868
只住	-0.1868
服務員很	0.1867
喜歡上	0.1867
比想象中	0.1867
看到這本書	0.1867
歡上	0.1867
小黑	0.1867
務員很	0.1867
適合	0.1867
不實用	-0.1867
給攜	-0.1867
個服務員	-0.1867
無語	-0.1867
給攜程	-0.1867
不負責	-0.1867
我們酒店	-0.1867
我還	0.1864
獲得	0.1864
dv	0.1864
著這	0.1864
是有些	0.1864
們對	0.1864
各個	0.1864
過一	0.1863
sb	0.1858
dvd	0.1858
貼近	0.1858
母親	0.1858
階段	0.1858
個世	0.1858
預訂的	-0.1857
客的	-0.1857
沒問題	0.1857
的方法	0.1857
心和	0.1857
性價比還是	0.1857
系統很	0.1857
讀一讀	0.1857
子用	0.1857
設計很	0.1857
歡他	0.1857
起這個價	0.1857
威海	0.1857
喜歡他	0.1857
金屬	0.1857
不錯下次	0.1857
興奮	0.1857
統很	0.1857
有新	0.1857
物超所	0.1857
價比還是	0.1857
都很不錯	0.1857
物超所值	0.1857
很精緻	0.1857
錯只是	0.1857
很實惠	0.1857
不錯外	0.1857
樂觀	0.1857
用上	0.1857
眼前	0.1857
堅強	0.1857
唯一不	0.1857
態度很好	0.1853
過程中	0.1853
覺到	0.1853
的時候我	0.1853
麼差	-0.1842
點都不	-0.1842
個酒店的	-0.1842
異味	-0.1842
回事	-0.1842
圖書	0.1838
噹噹的	-0.1837
是四	-0.1837
勉強	-0.1837
噹的	-0.1837
四星級的	-0.1827
般般	-0.1827
店方	-0.1827
中央空調	-0.1827
一般般	-0.1827
央空調	-0.1827
退房的	-0.1827
中央空	-0.1827
央空	-0.1827
助餐	0.1825
自助餐	0.1825
我一直	0.1825
的閱	0.1825
顏色	0.1824
控制	0.1824
才知道	0.1824
年前	0.1824
不遠	0.1823
的時間	0.1817
書一	0.1813
號稱	-0.1808
居然還	-0.1808
典型	-0.1808
酒店這	-0.1808
氣味	-0.1808
早晨	-0.1808
讓他	0.1804
拿到書	0.1802
時還	0.1802
根本就不	-0.1802
昏暗	-0.1802
間門	-0.1802
失所	-0.1802
令人失	-0.1802
令人失望	-0.1802
不專	-0.1802
退了	-0.1802
水都	-0.1802
份證	-0.1802
酒店以	-0.1802
失所望	-0.1802
員來	-0.1802
竟然沒有	-0.1802
身份證	-0.1802
全不	-0.1801
不推荐	-0.8800
推荐	0.2400
不错	0.5200
满意	0.5800
后悔	-0.7600
